Vendor/Tool,Category,Key Capability,How close to backbone (0-5),Playwright first-class?,Selector strategy guidance?,Project standards support?,Pricing (ballpark),Hosting (SaaS/on-prem),Security/PII notes,Integrations,Pros,Cons,Source/Date/Link
testRigor,AI Test Generation,"Plain English test automation, AI-powered generation",5,Limited,Natural language selectors,Reusable rules,"14-day trial, paid plans",SaaS,SOC2 compliant,"Jira, TestRail, CI/CD","Natural language tests, self-healing, cross-platform","Limited customization, vendor lock-in","testrigor.com, Feb 2025"
mabl,AI Test Generation,AI-driven test creation and execution,4,No,Auto-healing selectors,Limited,Contact sales,SaaS,Enterprise security,"CI/CD, Slack, Jira","Auto-healing, low maintenance","Proprietary platform, limited customization","momentic.ai, Aug 2024"
Functionize,AI Test Generation,"ML-powered test generation, TestGPT NLP",4,No,Smart locators,Page Objects,"14-day trial, enterprise",SaaS,Enterprise grade,"CI/CD, test management","AI-powered, self-healing","Less mature NLP, vendor lock-in","testrigor.com comparison, Feb 2025"
ScopeMaster,Requirements Quality,"Requirements analysis, quality scoring, test generation",5,N/A,N/A,Standards enforcement,10x ROI in 2 months,SaaS/Cloud,Standard security,Requirements tools,"Automated sizing, quality analysis, test baseline generation",Limited to requirements phase,"scopemaster.com, Apr 2024"
QVscribe,Requirements Quality,NLP requirements quality analysis,4,N/A,N/A,INCOSE/EARS standards,Enterprise licensing,Both,"Group permissions, private server","Polarion, Jama, DOORS, Word, Excel","Industry standards compliance, real-time feedback",Limited to requirements analysis,"qracorp.com, May 2025"
TestRail,Test Management,"Test management, traceability",3,Integration available,No,"Templates, custom fields","Per user, multiple tiers",Both,"SOC2, MFA, SSO","Jira, automation frameworks","Established, comprehensive features","Outages, poor support, inflated price","testrail.com, Apr 2025"
Xray,Test Management,Jira-native test management,3,Integration available,No,Jira workflows,Jira-tiered pricing,Both,Jira security model,"Native Jira, CI/CD",Native Jira integration,"Limited by Jira UX, search issues","zebrunnertest.com, Oct 2024"
Zephyr,Test Management,Test management with real-time reporting,3,Integration available,No,Custom dashboards,Multiple tiers,Both,Enterprise security,"Jira, automation tools","Real-time reporting, customizable","Cumbersome UX, search limitations","zebrunnertest.com, Oct 2024"
Qase,Test Management,Modern test management with AI features,4,Yes,No,"Shared steps, templates",$872-$1726 avg $1299,SaaS,Modern security,10+ languages/frameworks,"AI test conversion, modern UI, budget-friendly",Newer platform,"qase.io, Aug 2024"
Testomat.io,Test Management + AI,"AI-powered test management, BDD support",5,Yes,AI-powered,"BDD, living documentation","Budget-friendly, free tier",SaaS,Modern security,"30+ tools, Jira bidirectional","AI features, living docs, failure analysis",Smaller user base,"testomat.io, Jul 2025"
Katalon,Test Automation Platform,End-to-end test automation with AI,3,No (own framework),"Object spy, healing","Templates, keywords","Free tier, paid enterprise",Both,Enterprise security,"LambdaTest, CI/CD, TestCloud","Comprehensive platform, codeless options","Proprietary, resource intensive","katalon.com, Feb 2025"
LambdaTest,Cloud Test Execution + AI,"AI-native test execution, KaneAI assistant",4,Yes,KaneAI smart selectors,Test templates,"Multiple tiers, usage-based",SaaS,Enterprise grade,"All major frameworks, Jira","KaneAI assistant, 3000+ environments","Execution only, stability issues reported","lambdatest.com, Feb 2025"
Playwright Codegen,Code Generation,Record-replay with selector generation,4,Native,Built-in locator strategies,Page Object patterns,Free (open source),Self-hosted,Local only,Playwright ecosystem,"Native Playwright, free, good selectors",Manual script refinement needed,"codoid.com, Jul 2025"
Playwright MCP,AI Test Generation,AI agent explores app and writes tests,5,Native,AI-powered role-based,Best practice patterns,Free (preview),Local/Cloud,Depends on model provider,"VS Code, Claude","Autonomous exploration, finds edge cases","Preview stage, requires LLM access","dev.to, Jun 2025"
Tricentis Testim,AI Test Automation,"AI-powered test automation, self-healing",3,No,AI locators,Limited,Enterprise pricing,SaaS,Enterprise security,GitHub (unidirectional),"Self-healing, friendly UI","Code export limitations, fragile tests","g2.com, Jul 2025"
Rainforest QA,Visual + AI Testing Service,Visual-first testing with Test Manager service,4,No,Visual layer interaction,Plain English scripts,Service-based pricing,SaaS,Managed service,CI/CD pipelines,"Dedicated Test Manager, visual-first, parallel execution","No customization, service dependency","digitalocean.com, Jun 2024"
Applitools,Visual Testing + AI,"AI-powered visual testing, Autonomous",3,Integration available,No,Test templates,Premium pricing,SaaS,Enterprise grade,All major frameworks,"Advanced Visual AI, comprehensive coverage","Expensive, visual focus only","applitools.com, Jan 2025"
Percy,Visual Testing,"Visual regression testing, cross-browser",2,Integration available,No,No,Tiered pricing,SaaS,Standard security,"CI/CD, automation frameworks","Multi-browser support, CI/CD integration","Higher costs, limited customization","globalapptesting.com, Jan 2024"
